URL,Price
https://www.cettire.com/products/palm-angels-kids-logo-print-hooded-overshirt-99005379,"€290,59"
https://www.cettire.com/products/doucals-glattleder-lace-up-sneakers-925868595,"€261,25"
https://www.cettire.com/products/isabel-marant-biani-embroidered-top-925486171,"€437,26"
https://www.cettire.com/products/palm-angels-kids-logo-print-hooded-overshirt-99005379,"€290,59"
https://www.cettire.com/products/doucals-glattleder-lace-up-sneakers-925868595,"€261,25"
https://www.cettire.com/products/isabel-marant-biani-embroidered-top-925486171,"€437,26"
https://www.cettire.com/products/palm-angels-kids-logo-print-hooded-overshirt-99005379,"€290,59"
https://www.cettire.com/products/doucals-glattleder-lace-up-sneakers-925868595,"€261,25"
https://www.cettire.com/products/isabel-marant-biani-embroidered-top-925486171,"€437,26"
https://www.cettire.com/products/palm-angels-kids-logo-print-hooded-overshirt-99005379,"€290,59"
https://www.cettire.com/products/doucals-glattleder-lace-up-sneakers-925868595,"€261,25"
https://www.cettire.com/products/isabel-marant-biani-embroidered-top-925486171,"€437,26"
